mysql> CREATE DATABASE employee_db;
Query OK, 1 row affected (0.01 sec)

mysql> USE employee_db;
Database changed
mysql>
mysql> CREATE TABLE employees (
    ->     id INT AUTO_INCREMENT PRIMARY KEY,
    ->     name VARCHAR(100) NOT NULL,
    ->     department VARCHAR(100),
    ->     salary DECIMAL(10,2),
    ->     hire_date DATE
    -> );
Query OK, 0 rows affected (0.01 sec)
mysql> INSERT INTO employees (name, department, salary, hire_date)
    -> VALUES ('John Doe', 'IT', 50000.00, '2024-01-15');
Query OK, 1 row affected (0.01 sec)
mysql> INSERT INTO employees (name, department, salary, hire_date) VALUES
    -> ('Alice Smith', 'HR', 42000.00, '2023-06-10'),
    -> ('Bob Johnson', 'Finance', 55000.00, '2022-11-25'),
    -> ('Charlie Brown', 'IT', 65000.00, '2021-09-01'),
    -> ('Diana Miller', 'Marketing', 48000.00, '2023-02-18'),
    -> ('Ethan Wilson', 'Operations', 52000.00, '2020-07-05');
Query OK, 5 rows affected (0.00 sec)
Records: 5  Duplicates: 0  Warnings: 0
mysql> SELECT * FROM employees;
+----+---------------+------------+----------+------------+
| id | name          | department | salary   | hire_date  |
+----+---------------+------------+----------+------------+
|  1 | John Doe      | IT         | 50000.00 | 2024-01-15 |
|  2 | Alice Smith   | HR         | 42000.00 | 2023-06-10 |
|  3 | Bob Johnson   | Finance    | 55000.00 | 2022-11-25 |
|  4 | Charlie Brown | IT         | 65000.00 | 2021-09-01 |
|  5 | Diana Miller  | Marketing  | 48000.00 | 2023-02-18 |
|  6 | Ethan Wilson  | Operations | 52000.00 | 2020-07-05 |
+----+---------------+------------+----------+------------+
6 rows in set (0.01 sec)
mysql> UPDATE employees
    -> SET salary = 60000.00
    -> WHERE id = 1;
Query OK, 1 row affected (0.01 sec)
Rows matched: 1  Changed: 1  Warnings: 0
mysql> SELECT * FROM employees;
+----+---------------+------------+----------+------------+
| id | name          | department | salary   | hire_date  |
+----+---------------+------------+----------+------------+
|  1 | John Doe      | IT         | 60000.00 | 2024-01-15 |
|  2 | Alice Smith   | HR         | 42000.00 | 2023-06-10 |
|  3 | Bob Johnson   | Finance    | 55000.00 | 2022-11-25 |
|  4 | Charlie Brown | IT         | 65000.00 | 2021-09-01 |
|  5 | Diana Miller  | Marketing  | 48000.00 | 2023-02-18 |
|  6 | Ethan Wilson  | Operations | 52000.00 | 2020-07-05 |
+----+---------------+------------+----------+------------+
mysql> DELETE FROM employees
    -> WHERE name = 'John Doe';
Query OK, 1 row affected (0.00 sec)
mysql> SELECT * FROM employees;
+----+---------------+------------+----------+------------+
| id | name          | department | salary   | hire_date  |
+----+---------------+------------+----------+------------+
|  2 | Alice Smith   | HR         | 42000.00 | 2023-06-10 |
|  3 | Bob Johnson   | Finance    | 55000.00 | 2022-11-25 |
|  4 | Charlie Brown | IT         | 65000.00 | 2021-09-01 |
|  5 | Diana Miller  | Marketing  | 48000.00 | 2023-02-18 |
|  6 | Ethan Wilson  | Operations | 52000.00 | 2020-07-05 |
+----+---------------+------------+----------+------------+
5 rows in set (0.00 sec)
mysql> SELECT * FROM employees
    -> WHERE name LIKE '%jo%';
+----+-------------+------------+----------+------------+
| id | name        | department | salary   | hire_date  |
+----+-------------+------------+----------+------------+
|  3 | Bob Johnson | Finance    | 55000.00 | 2022-11-25 |
+----+-------------+------------+----------+------------+
1 row in set (0.00 sec)

